{"stats":{"minecraft:mined":{"minecraft:grass_block":1},"minecraft:custom":{"minecraft:jump":19,"minecraft:time_since_rest":6790,"minecraft:leave_game":1,"minecraft:damage_dealt":18,"minecraft:crouch_one_cm":829,"minecraft:sprint_one_cm":6850,"minecraft:play_time":6790,"minecraft:time_since_death":6790,"minecraft:walk_one_cm":3755,"minecraft:sneak_time":210,"minecraft:total_world_time":6790,"minecraft:fall_one_cm":211,"minecraft:fly_one_cm":21559},"minecraft:used":{"minecraft:dirt":1,"minecraft:spruce_log":27},"minecraft:picked_up":{"minecraft:dirt":1}},"DataVersion":3465}